id_compagnie;numero_vol;id_aeroport_depart;id_aeroport_arrivee;id_compagnie_config;nom_config;heure_depart;heure_arrivee;duree;periodicite;id_compagnie_operateur;numero_vol_operateur
6J;11;HND;KMJ;6J;73L;07:10;09:00;1h50;;;
6J;12;KMJ;HND;6J;73L;07:35;09:15;1h40;;;
6J;13;HND;KMJ;6J;73L;12:15;14:05;1h50;;;
6J;14;KMJ;HND;6J;73L;09:40;11:20;1h40;;;
6J;15;HND;KMJ;6J;73L;14:05;15:50;1h45;;;
6J;16;KMJ;HND;6J;73L;14:40;16:20;1h40;;;
6J;17;HND;KMJ;6J;73L;16:25;18:15;1h50;;;
6J;18;KMJ;HND;6J;73L;16:20;18:00;1h40;;;
6J;21;HND;KMJ;6J;73L;19:10;20:55;1h45;;;
6J;22;KMJ;HND;6J;73L;18:45;20:25;1h40;;;
6J;31;HND;NGS;6J;73L;06:55;08:45;1h50;;;
6J;33;HND;NGS;6J;73L;09:55;11:45;1h50;;;
6J;34;NGS;HND;6J;73L;09:20;11:00;1h40;;;
6J;35;HND;NGS;6J;73L;13:00;14:50;1h50;;;
6J;38;NGS;HND;6J;73L;12:20;14:00;1h40;;;
6J;39;HND;NGS;6J;73L;18:40;20:30;1h50;;;
6J;40;NGS;HND;6J;73L;15:25;17:05;1h40;;;
6J;42;NGS;HND;6J;73L;21:05;22:45;1h40;;;
6J;51;HND;KMI;6J;73L;06:50;08:30;1h40;;;
6J;52;KMI;HND;6J;73L;07:35;09:10;1h35;;;
6J;53;HND;KMI;6J;73L;08:20;10:00;1h40;;;
6J;54;KMI;HND;6J;73L;10:35;12:10;1h35;;;
6J;55;HND;KMI;6J;73L;09:45;11:25;1h40;;;
6J;56;KMI;HND;6J;73L;11:55;13:30;1h35;;;
6J;57;HND;KMI;6J;73L;12:00;13:40;1h40;;;
6J;58;KMI;HND;6J;73L;14:15;15:50;1h35;;;
6J;59;HND;KMI;6J;73L;14:45;16:25;1h40;;;
6J;60;KMI;HND;6J;73L;16:55;18:40;1h45;;;
6J;61;HND;KMI;6J;73L;17:05;18:45;1h40;;;
6J;62;KMI;HND;6J;73L;18:20;20:05;1h45;;;
6J;63;HND;KMI;6J;73L;19:15;21:00;1h45;;;
6J;64;KMI;HND;6J;73L;19:20;21:05;1h45;;;
6J;71;HND;KOJ;6J;73L;07:40;09:25;1h45;;;
6J;72;KOJ;HND;6J;73L;07:25;09:15;1h50;;;
6J;73;HND;KOJ;6J;73L;10:00;11:50;1h50;;;
6J;74;KOJ;HND;6J;73L;10:55;12:35;1h40;;;
6J;75;HND;KOJ;6J;73L;13:15;15:05;1h50;;;
6J;76;KOJ;HND;6J;73L;12:25;14:05;1h40;;;
6J;77;HND;KOJ;6J;73L;15:15;17:05;1h50;;;
6J;78;KOJ;HND;6J;73L;15:40;17:20;1h40;;;
6J;79;HND;KOJ;6J;73L;18:15;20:00;1h45;;;
6J;82;KOJ;HND;6J;73L;20:40;22:20;1h40;;;
6J;88;OIT;HND;6J;73L;08:50;10:20;1h30;;;
6J;89;HND;OIT;6J;73L;06:40;08:15;1h35;;;
6J;90;OIT;HND;6J;73L;13:05;14:35;1h30;;;
6J;91;HND;OIT;6J;73L;11:00;12:35;1h35;;;
6J;92;OIT;HND;6J;73L;16:50;18:30;1h40;;;
6J;93;HND;OIT;6J;73L;14:45;16:20;1h35;;;
6J;94;OIT;HND;6J;73L;19:50;21:30;1h40;;;
6J;95;HND;OIT;6J;73L;17:45;19:20;1h35;;;
7G;11;HND;UBJ;7G;32F;07:20;09:00;1h40;;;
7G;12;UBJ;HND;7G;32F;09:40;11:15;1h35;;;
7G;13;HND;UBJ;7G;32F;12:45;14:25;1h40;;;
7G;14;UBJ;HND;7G;32F;15:05;16:40;1h35;;;
7G;15;HND;UBJ;7G;32F;17:40;19:15;1h35;;;
7G;16;UBJ;HND;7G;32F;20:05;21:45;1h40;;;
7G;20;KIX;HND;7G;32F;06:30;07:40;1h10;;;
7G;21;HND;KIX;7G;32F;09:00;10:20;1h20;;;
7G;22;KIX;HND;7G;32F;11:00;12:20;1h20;;;
7G;23;HND;KIX;7G;32F;12:05;13:30;1h25;;;
7G;24;KIX;HND;7G;32F;14:10;15:25;1h15;;;
7G;25;HND;KIX;7G;32F;15:20;16:40;1h20;;;
7G;26;KIX;HND;7G;32F;17:30;18:50;1h20;;;
7G;27;HND;KIX;7G;32F;16:30;17:55;1h25;;;
7G;28;KIX;HND;7G;32F;18:35;19:55;1h20;;;
7G;29;HND;KIX;7G;32F;21:30;22:45;1h15;;;
7G;40;FUK;HND;7G;32F;07:00;08:40;1h40;;;
7G;41;HND;FUK;7G;32F;06:40;08:30;1h50;;;
7G;42;FUK;HND;7G;32F;09:10;10:55;1h45;;;
7G;43;HND;FUK;7G;32F;09:20;11:15;1h55;;;
7G;44;FUK;HND;7G;32F;11:50;13:40;1h50;;;
7G;45;HND;FUK;7G;32F;10:20;12:15;1h55;;;
7G;46;FUK;HND;7G;32F;12:50;14:40;1h50;;;
7G;47;HND;FUK;7G;32F;12:30;14:20;1h50;;;
7G;48;FUK;HND;7G;32F;14:20;16:10;1h50;;;
7G;49;HND;FUK;7G;32F;13:20;15:10;1h50;;;
7G;50;FUK;HND;7G;32F;15:55;17:45;1h50;;;
7G;51;HND;FUK;7G;32F;15:55;17:50;1h55;;;
7G;52;FUK;HND;7G;32F;19:00;20:45;1h45;;;
7G;53;HND;FUK;7G;32F;18:35;20:30;1h55;;;
7G;54;FUK;HND;7G;32F;21:05;22:45;1h40;;;
7G;55;HND;FUK;7G;32F;20:00;21:55;1h55;;;
7G;72;KKJ;HND;7G;32F;07:00;08:30;1h30;;;
7G;73;HND;KKJ;7G;32F;07:40;09:20;1h40;;;
7G;74;KKJ;HND;7G;32F;08:00;09:40;1h40;;;
7G;75;HND;KKJ;7G;32F;09:10;10:50;1h40;;;
7G;76;KKJ;HND;7G;32F;09:00;10:35;1h35;;;
7G;77;HND;KKJ;7G;32F;11:15;12:55;1h40;;;
7G;78;KKJ;HND;7G;32F;10:05;11:40;1h35;;;
7G;80;KKJ;HND;7G;32F;11:35;13:10;1h35;;;
7G;81;HND;KKJ;7G;32F;14:20;15:55;1h35;;;
7G;82;KKJ;HND;7G;32F;13:35;15:10;1h35;;;
7G;83;HND;KKJ;7G;32F;15:30;17:10;1h40;;;
7G;85;HND;KKJ;7G;32F;17:15;18:50;1h35;;;
7G;86;KKJ;HND;7G;32F;16:35;18:15;1h40;;;
7G;87;HND;KKJ;7G;32F;18:50;20:30;1h40;;;
7G;88;KKJ;HND;7G;32F;17:55;19:35;1h40;;;
7G;89;HND;KKJ;7G;32F;20:15;21:55;1h40;;;
7G;90;KKJ;HND;7G;32F;19:30;21:15;1h45;;;
7G;91;HND;KKJ;7G;32F;21:00;22:40;1h40;;;
7G;92;KKJ;HND;7G;32F;21:05;22:40;1h35;;;
7G;93;HND;KKJ;7G;32F;22:00;23:40;1h40;;;
FW;11;NRT;HIJ;FW;CR7;17:30;19:05;1h35;;;
FW;14;HIJ;NRT;FW;CR7;14:15;15:50;1h35;;;
FW;18;KMQ;NRT;FW;CR7;14:40;15:55;1h15;;;
FW;19;NRT;KMQ;FW;CR7;18:30;19:40;1h10;;;
FW;55;ITM;FUK;FW;CR7;10:25;11:35;1h10;;;
FW;56;FUK;ITM;FW;CR7;11:00;12:05;1h05;;;
HD;11;HND;CTS;HD;763;06:50;08:20;1h30;;;
HD;12;CTS;HND;HD;763;08:00;09:35;1h35;;;
HD;14;CTS;HND;HD;763;09:00;10:35;1h35;;;
HD;15;HND;CTS;HD;763;08:15;09:45;1h30;;;
HD;16;CTS;HND;HD;763;10:20;12:00;1h40;;;
HD;18;CTS;HND;HD;73D;11:20;13:00;1h40;;;
HD;19;HND;CTS;HD;763;10:15;11:45;1h30;;;
HD;20;CTS;HND;HD;763;12:20;14:00;1h40;;;
HD;21;HND;CTS;HD;73D;11:50;13:25;1h35;;;
HD;23;HND;CTS;HD;763;12:50;14:20;1h30;;;
HD;24;CTS;HND;HD;73D;14:00;15:40;1h40;;;
HD;25;HND;CTS;HD;763;13:50;15:25;1h35;;;
HD;26;CTS;HND;HD;763;15:00;16:40;1h40;;;
HD;28;CTS;HND;HD;763;16:00;17:40;1h40;;;
HD;29;HND;CTS;HD;763;15:50;17:20;1h30;;;
HD;31;HND;CTS;HD;73D;16:50;18:25;1h35;;;
HD;32;CTS;HND;HD;763;18:00;19:35;1h35;;;
HD;35;HND;CTS;HD;763;18:50;20:20;1h30;;;
HD;36;CTS;HND;HD;73D;20:35;22:15;1h40;;;
HD;37;HND;CTS;HD;763;20:15;21:45;1h30;;;
HD;38;CTS;HND;HD;763;21:00;22:40;1h40;;;
HD;39;HND;CTS;HD;73D;21:00;22:35;1h35;;;
HD;43;HND;CTS;HD;73D;21:30;23:05;1h35;;;
HD;44;CTS;HND;HD;763;22:20;23:55;1h35;;;
HD;57;HND;HKD;HD;73D;06:55;08:15;1h20;;;
HD;58;HKD;HND;HD;73D;09:10;10:35;1h25;;;
HD;59;HND;HKD;HD;763;14:40;16:00;1h20;;;
HD;60;HKD;HND;HD;763;16:40;18:05;1h25;;;
HD;61;HND;OBO;HD;73D;07:15;08:50;1h35;;;
HD;62;OBO;HND;HD;73D;09:20;11:05;1h45;;;
HD;65;HND;OBO;HD;73D;12:15;13:50;1h35;;;
HD;66;OBO;HND;HD;73D;14:30;16:15;1h45;;;
HD;67;HND;OBO;HD;73D;17:00;18:35;1h35;;;
HD;68;OBO;HND;HD;73D;19:10;20:55;1h45;;;
HD;71;HND;KUH;HD;73D;07:45;09:25;1h40;;;
HD;72;KUH;HND;HD;73D;09:55;11:40;1h45;;;
HD;73;HND;KUH;HD;73D;16:55;18:35;1h40;;;
HD;74;KUH;HND;HD;73D;19:10;20:55;1h45;;;
HD;75;HND;MMB;HD;73D;07:00;08:45;1h45;;;
HD;76;MMB;HND;HD;73D;09:15;11:10;1h55;;;
HD;77;HND;MMB;HD;73D;11:15;13:00;1h45;;;
HD;78;MMB;HND;HD;73D;13:40;15:35;1h55;;;
HD;79;HND;MMB;HD;73D;16:15;18:00;1h45;;;
HD;80;MMB;HND;HD;73D;18:30;20:25;1h55;;;
HD;81;HND;AKJ;HD;763;06:40;08:15;1h35;;;
HD;82;AKJ;HND;HD;763;08:55;10:40;1h45;;;
HD;83;HND;AKJ;HD;763;11:15;12:50;1h35;;;
HD;84;AKJ;HND;HD;763;13:25;15:10;1h45;;;
HD;87;HND;AKJ;HD;763;17:20;18:55;1h35;;;
HD;88;AKJ;HND;HD;763;19:35;21:20;1h45;;;
HD;118;CTS;UKB;HD;73D;08:50;10:45;1h55;;;
HD;119;UKB;CTS;HD;73D;11:15;13:10;1h55;;;
HD;120;CTS;UKB;HD;73D;13:40;15:35;1h55;;;
HD;121;UKB;CTS;HD;73D;16:05;18:00;1h55;;;
NH;1;IAD;NRT;NH;77W;12:20;15:25;14h05;;;
NH;2;NRT;IAD;NH;77W;11:00;10:40;12h40;;;
NH;5;LAX;NRT;NH;77W;12:45;16:25;11h40;;;
NH;6;NRT;LAX;NH;77W;17:05;11:00;9h55;;;
NH;7;SFO;NRT;NH;77W;12:20;15:20;11h00;;;
NH;8;NRT;SFO;NH;77W;17:10;10:35;9h25;;;
NH;9;JFL;NRT;NH;77W;12:00;15:00;14h00;;;
NH;10;NRT;JFK;NH;77W;16:50;16:35;12h45;;;
NH;11;ORD;NRT;NH;77W;11:50;14:50;13h00;;;
NH;12;NRT;ORD;NH;77W;17:10;14:55;11h45;;;
NH;13;HND;ITM;NH;789;07:00;08:05;1h05;;;
NH;14;ITM;HND;NH;78P;07:30;08:40;1h10;;;
NH;15;HND;ITM;NH;772;08:00;09:10;1h10;;;
NH;16;ITM;HND;NH;772;08:00;09:15;1h15;;;
NH;17;HND;ITM;NH;772;09:00;10:05;1h05;;;
NH;18;ITM;HND;NH;789;09:00;10:10;1h10;;;
NH;19;HND;ITM;NH;772;10:00;11:05;1h05;;;
NH;20;ITM;HND;NH;772;10:00;11:15;1h15;;;
NH;21;HND;ITM;NH;789;11:00;12:05;1h05;;;
NH;22;ITM;HND;NH;321;11:00;12:15;1h15;;;
NH;23;HND;ITM;NH;78P;12:00;13:05;1h05;;;
NH;24;ITM;HND;NH;772;12:00;13:10;1h10;;;
NH;25;HND;ITM;NH;772;13:00;14:05;1h05;;;
NH;26;ITM;HND;NH;789;13:00;14:15;1h15;;;
NH;27;HND;ITM;NH;772;14:00;15:05;1h05;;;
NH;28;ITM;HND;NH;78P;14:00;15:10;1h10;;;
NH;30;ITM;HND;NH;772;15:00;16:15;1h15;;;
NH;31;HND;ITM;NH;738;15:00;16:10;1h10;;;
NH;32;ITM;HND;NH;772;16:00;17:10;1h10;;;
NH;33;HND;ITM;NH;772;16:00;17:05;1h05;;;
NH;34;ITM;HND;NH;772;17:00;18:15;1h15;;;
NH;35;HND;ITM;NH;772;17:00;18:05;1h05;;;
NH;36;ITM;HND;NH;772;18:00;19:15;1h15;;;
NH;37;HND;ITM;NH;772;18:00;19:10;1h10;;;
NH;38;ITM;HND;NH;772;19:00;20:10;1h10;;;
NH;39;HND;ITM;NH;772;19:00;20:15;1h15;;;
NH;40;ITM;HND;NH;772;20:20;21:35;1h15;;;
NH;41;HND;ITM;NH;772;19:20;20:35;1h15;;;
NH;50;CTS;HND;NH;772;07:30;09:05;1h35;;;
NH;51;HND;CTS;NH;773;07:00;08:30;1h30;;;
NH;52;CTS;HND;NH;773;08:30;10:05;1h35;;;
NH;53;HND;CTS;NH;773;08:00;09:35;1h35;;;
NH;54;CTS;HND;NH;773;09:30;11:05;1h35;;;
NH;55;HND;CTS;NH;773;09:00;10:35;1h35;;;
NH;56;CTS;HND;NH;773;10:30;12:05;1h35;;;
NH;57;HND;CTS;NH;772;09:30;11:05;1h35;;;
NH;58;CTS;HND;NH;78P;11:30;13:05;1h35;;;
NH;59;HND;CTS;NH;772;10:00;11:35;1h35;;;
NH;61;HND;CTS;NH;773;11:00;12:35;1h35;;;
NH;62;CTS;HND;NH;738;12:30;14:05;1h35;;;
NH;63;HND;CTS;NH;773;12:00;13:35;1h35;;;
NH;64;CTS;HND;NH;773;13:30;15:05;1h35;;;
NH;65;HND;CTS;NH;772;13:00;14:35;1h35;;;
NH;66;CTS;HND;NH;773;14:30;16:05;1h35;;;
NH;67;HND;CTS;NH;78P;14:00;15:30;1h30;;;
NH;68;CTS;HND;NH;772;15:30;17:05;1h35;;;
NH;69;HND;CTS;NH;772;15:00;16:30;1h30;;;
NH;70;CTS;HND;NH;772;16:30;18:05;1h35;;;
NH;71;HND;CTS;NH;773;16:00;17:30;1h30;;;
NH;72;CTS;HND;NH;773;17:00;18:35;1h35;;;
NH;73;HND;CTS;NH;773;17:00;18:30;1h30;;;
NH;74;CTS;HND;NH;772;17:30;19:05;1h35;;;
NH;75;HND;CTS;NH;772;18:00;19:30;1h30;;;
NH;76;CTS;HND;NH;773;18:30;20:05;1h35;;;
NH;77;HND;CTS;NH;772;19:00;20:35;1h35;;;
NH;78;CTS;HND;NH;773;19:30;21:05;1h35;;;
NH;79;HND;CTS;NH;773;20:00;21:35;1h35;;;
NH;81;HND;CTS;NH;738;20:40;22:15;1h35;;;
NH;82;CTS;HND;NH;772;20:30;22:05;1h35;;;
NH;84;CTS;HND;NH;738;21:25;23:00;1h35;;;
NH;85;HND;NGO;NH;738;17:35;18:35;1h00;;;
NH;86;NGO;HND;NH;738;07:55;08:55;1h00;;;
NH;87;HND;MMY;NH;76P;11:55;14:55;3h00;;;
NH;88;MMY;HND;NH;76P;15:40;18:15;2h35;;;
NH;89;HND;ISG;NH;738;06:10;09:20;3h10;;;
NH;90;ISG;HND;NH;738;12:40;15:30;2h50;;;
NH;91;HND;ISG;NH;78P;11:25;14:30;3h05;;;
NH;92;ISG;HND;NH;78P;15:20;18:05;2h45;;;
NH;93;HND;KIX;NH;76P;07:10;08:25;1h15;;;
NH;94;KIX;HND;NH;772;07:00;08:10;1h10;;;
NH;95;HND;KIX;NH;738;18:20;19:40;1h20;;;
NH;96;KIX;HND;NH;772;08:10;09:25;1h15;;;
NH;97;HND;KIX;NH;772;20:35;21:50;1h15;;;
NH;98;KIX;HND;NH;76P;21:00;22:15;1h15;;;
NH;99;HND;KIX;NH;772;21:00;22:15;1h15;;;
NH;100;KIX;HND;NH;76P;21:35;22:45;1h10;;;
NH;105;LAX;HND;NH;77W;01:20;05:00;11h40;;;
NH;106;HND;LAX;NH;77W;22:55;16:55;10h00;;;
NH;109;JFK;HND;NH;77W;18:15;21:15;14h00;;;
NH;110;HND;JFK;NH;77W;10:20;10:15;12h55;;;
NH;111;ORD;HND;NH;77W;17:25;20:30;13h05;;;
NH;112;HND;ORD;NH;77W;10:50;08:40;11h50;;;
NH;115;YVR;HND;NH;789;16:15;18:20;10h05;;;
NH;116;HND;YVR;NH;789;21:50;14:45;8h55;;;
NH;171;SJC;NRT;NH;788i;12:45;15:45;11h00;;;
NH;172;NRT;SJC;NH;788i;17:30;10:55;9h25;;;
NH;173;IAH;NRT;NH;77W;11:30;15:20;13h50;;;
NH;174;NRT;IAH;NH;77W;11:15;09:30;12h15;;;
NH;177;SEA;NRT;NH;789;13:20;15:40;10h20;;;
NH;178;NRT;SEA;NH;789;18:05;11:25;9h20;;;
NH;179;MEX;NRT;NH;788i;02:20;06:40;14h20;;;
NH;180;NRT;MEX;NH;788i;17:05;15:20;12h15;;;
NH;181;HNL;NRT;NH;789i;12:45;16:15;8h30;;;
NH;182;NRT;HNL;NH;789i;21:35;09:55;7h20;;;
NH;183;HNL;NRT;NH;788;09:30;13:00;8h30;;;
NH;184;NRT;HNL;NH;788;18:40;07:00;7h20;;;
NH;185;HNL;HND;NH;789i;13:35;17:25;8h50;;;
NH;186;HND;HNL;NH;789i;21:55;10:25;7h30;;;
NH;203;HND;FRA;NH;77W;00:50;06:00;12h10;;;
NH;204;FRA;HND;NH;77W;12:10;06:35;11h25;;;
NH;209;NRT;DUS;NH;789i;11:00;16:00;12h00;;;
NH;210;DUS;NRT;NH;789i;20:00;14:25;11h25;;;
NH;211;HND;LHR;NH;77W;11:35;16:10;12h35;;;
NH;212;LHR;HND;NH;77W;19:00;14:40;11h40;;;
NH;215;HND;CDG;NH;789i;11:45;17:10;12h25;;;
NH;216;CDG;HND;NH;789i;20:05;14:55;11h50;;;
NH;217;HND;MUC;NH;789i;12:30;17:20;11h50;;;
NH;218;MUC;HND;NH;789i;21:25;15:50;11h25;;;
NH;223;HND;FRA;NH;77W;11:15;16:25;12h10;;;
NH;224;FRA;HND;NH;77W;20:45;14:55;11h10;;;
NH;231;NRT;BRU;NH;788i;10:50;15:50;12h00;;;
NH;232;BRU;NRT;NH;788i;21:10;15:35;11h25;;;
NH;239;HND;FUK;NH;738;06:30;08:25;1h55;;;
NH;240;FUK;HND;NH;772;07:00;08:35;1h35;;;
NH;241;HND;FUK;NH;772;07:25;09:15;1h50;;;
NH;242;FUK;HND;NH;773;08:00;09:40;1h40;;;
NH;243;HND;FUK;NH;772;08:25;10:15;1h50;;;
NH;244;FUK;HND;NH;772;09:00;10:40;1h40;;;
NH;245;HND;FUK;NH;772;09:00;10:50;1h50;;;
NH;246;FUK;HND;NH;76P;09:30;11:10;1h40;;;
NH;247;HND;FUK;NH;772;09:45;11:40;1h55;;;
NH;248;FUK;HND;NH;772;10:15;11:55;1h40;;;
NH;249;HND;FUK;NH;772;10:30;12:25;1h55;;;
NH;250;FUK;HND;NH;772;11:15;12:55;1h40;;;
NH;251;HND;FUK;NH;772;11:30;13:20;1h50;;;
NH;252;FUK;HND;NH;772;12:30;14:10;1h40;;;
NH;253;HND;FUK;NH;772;12:35;14:30;1h55;;;
NH;254;FUK;HND;NH;772;13:25;15:05;1h40;;;
NH;255;HND;FUK;NH;772;13:30;15:25;1h55;;;
NH;256;FUK;HND;NH;772;14:15;15:55;1h40;;;
NH;257;HND;FUK;NH;78P;14:10;16:00;1h50;;;
NH;258;FUK;HND;NH;772;15:15;16:55;1h40;;;
NH;259;HND;FUK;NH;76P;15:00;16:50;1h50;;;
NH;260;FUK;HND;NH;772;16:25;18:10;1h45;;;
NH;261;HND;FUK;NH;789;15:45;17:40;1h55;;;
NH;262;FUK;HND;NH;78P;16:50;18:35;1h45;;;
NH;263;HND;FUK;NH;772;16:30;18:25;1h55;;;
NH;264;FUK;HND;NH;772;17:55;19:35;1h40;;;
NH;265;HND;FUK;NH;772;17:00;18:55;1h55;;;
NH;266;FUK;HND;NH;789;18:40;20:20;1h40;;;
NH;267;HND;FUK;NH;772;18:00;19:55;1h55;;;
NH;268;FUK;HND;NH;772;19:20;21:00;1h40;;;
NH;269;HND;FUK;NH;772;19:00;20:55;1h55;;;
NH;270;FUK;HND;NH;772;19:45;21:25;1h40;;;
NH;271;HND;FUK;NH;772;19:30;21:25;1h55;;;
NH;272;FUK;HND;NH;772;20:50;22:30;1h40;;;
NH;273;HND;FUK;NH;773;19:55;21:50;1h55;;;
NH;274;FUK;HND;NH;738;21:20;23:00;1h40;;;
NH;280;TKS;HND;NH;32A;07:15;08:30;1h15;;;
NH;281;HND;TKS;NH;321;08:55;10:10;1h15;;;
NH;282;TKS;HND;NH;321;10:50;12:05;1h15;;;
NH;283;HND;TKS;NH;32A;13:30;14:45;1h15;;;
NH;284;TKS;HND;NH;32A;16:20;17:35;1h15;;;
NH;285;HND;TKS;NH;32A;16:40;17:55;1h15;;;
NH;286;TKS;HND;NH;32A;18:55;20:15;1h20;;;
NH;287;HND;TKS;NH;32A;19:10;20:25;1h15;;;
NH;292;TTJ;HND;NH;32A;07:05;08:20;1h15;;;
NH;293;HND;TTJ;NH;738;06:50;08:05;1h15;;;
NH;294;TTJ;HND;NH;738;08:45;10:00;1h15;;;
NH;295;HND;TTJ;NH;738;09:40;10:55;1h15;;;
NH;296;TTJ;HND;NH;738;11:40;13:00;1h20;;;
NH;297;HND;TTJ;NH;32A;16:25;17:40;1h15;;;
NH;298;TTJ;HND;NH;32A;18:30;19:55;1h25;;;
NH;299;HND;TTJ;NH;32A;19:30;20:45;1h15;;;
NH;312;TOY;HND;NH;76P;07:10;08:15;1h05;;;
NH;313;HND;TOY;NH;738;07:55;08:55;1h00;;;
NH;315;HND;TOY;NH;738;09:40;10:40;1h00;;;
NH;316;TOY;HND;NH;738;09:50;10:55;1h05;;;
NH;319;HND;TOY;NH;738;18:00;19:00;1h00;;;
NH;320;TOY;HND;NH;738;16:30;17:40;1h10;;;
NH;321;HND;TOY;NH;76P;19:50;20:45;0h55;;;
NH;322;TOY;HND;NH;738;19:35;20:40;1h05;;;
NH;337;NRT;NGO;NH;738;17:05;18:15;1h10;;;
NH;338;NGO;NRT;NH;76P;07:40;08:50;1h10;;;
NH;339;NRT;NGO;NH;76P;18:50;20:05;1h15;;;
NH;340;NGO;NRT;NH;738;14:25;15:40;1h15;;;
NH;375;HND;MBE;NH;738;10:50;12:35;1h45;;;
NH;376;MBE;HND;NH;738;13:20;15:10;1h50;;;
NH;377;HND;SHB;NH;738;12:15;13:55;1h40;;;
NH;378;SHB;HND;NH;738;14:35;16:25;1h50;;;
NH;381;HND;YGJ;NH;738;06:55;08:10;1h15;;;
NH;382;YGJ;HND;NH;738;07:20;08:40;1h20;;;
NH;383;HND;YGJ;NH;76P;09:35;10:55;1h20;;;
NH;384;YGJ;HND;NH;738;08:50;10:10;1h20;;;
NH;385;HND;YGJ;NH;321;14:55;16:15;1h20;;;
NH;386;YGJ;HND;NH;76P;11:35;13:00;1h25;;;
NH;387;HND;YGJ;NH;32A;18:30;19:50;1h20;;;
NH;388;YGJ;HND;NH;321;17:00;18:30;1h30;;;
NH;389;HND;YGJ;NH;738;20:05;21:25;1h20;;;
NH;390;YGJ;HND;NH;32A;20:50;22:15;1h25;;;
NH;393;HND;SYO;NH;738;06:55;07:55;1h00;;;
NH;394;SYO;HND;NH;321;07:10;08:15;1h05;;;
NH;395;HND;SYO;NH;321;11:00;12:00;1h00;;;
NH;396;SYO;HND;NH;738;08:40;09:45;1h05;;;
NH;397;HND;SYO;NH;76P;15:55;16:55;1h00;;;
NH;398;SYO;HND;NH;321;12:50;13:55;1h05;;;
NH;399;HND;SYO;NH;321;20:20;21:20;1h00;;;
NH;400;SYO;HND;NH;76P;17:50;18:55;1h05;;;
NH;401;HND;AXT;NH;32A;07:50;08:55;1h05;;;
NH;402;AXT;HND;NH;76P;07:35;08:40;1h05;;;
NH;403;HND;AXT;NH;321;09:50;10:55;1h05;;;
NH;404;AXT;HND;NH;32A;09:40;10:45;1h05;;;
NH;405;HND;AXT;NH;738;14:00;15:05;1h05;;;
NH;406;AXT;HND;NH;321;11:55;13:00;1h05;;;
NH;407;HND;AXT;NH;32A;18:10;19:15;1h05;;;
NH;408;AXT;HND;NH;738;15:45;16:55;1h10;;;
NH;409;HND;AXT;NH;76P;20:15;21:20;1h05;;;
NH;410;AXT;HND;NH;32A;20:10;21:15;1h05;;;
NH;411;HND;UKB;NH;738;06:25;07:35;1h10;;;
NH;412;UKB;HND;NH;772;07:10;08:25;1h15;;;
NH;415;HND;UKB;NH;772;20:15;21:30;1h15;;;
NH;416;UKB;HND;NH;738;21:10;22:25;1h15;;;
NH;421;ITM;FUK;NH;76P;08:00;09:15;1h15;;;
NH;422;FUK;ITM;NH;735;08:30;09:35;1h05;;;
NH;425;ITM;FUK;NH;Q4A;15:55;17:10;1h15;;;
NH;426;FUK;ITM;NH;Q4A;16:20;17:35;1h15;;;
NH;427;ITM;FUK;NH;738;17:30;18:45;1h15;;;
NH;428;FUK;ITM;NH;76P;17:30;18:40;1h10;;;
NH;429;ITM;FUK;NH;735;20:20;21:30;1h10;;;
NH;430;FUK;ITM;NH;738;19:20;20:35;1h15;;;
NH;451;HND;HSG;NH;32A;07:25;09:20;1h55;;;
NH;452;HSG;HND;NH;738;06:40;08:15;1h35;;;
NH;453;HND;HSG;NH;738;13:05;15:00;1h55;;;
NH;454;HSG;HND;NH;32A;10:05;11:45;1h40;;;
NH;455;HND;HSG;NH;738;16:10;18:05;1h55;;;
NH;456;HSG;HND;NH;738;15:40;17:20;1h40;;;
NH;457;HND;HSG;NH;738;19:25;21:25;2h00;;;
NH;458;HSG;HND;NH;738;18:55;20:35;1h40;;;
NH;460;OKA;HND;NH;772;20:40;23:00;2h20;;;
NH;461;HND;OKA;NH;738;06:20;09:05;2h45;;;
NH;462;OKA;HND;NH;772;11:25;13:50;2h25;;;
NH;463;HND;OKA;NH;772;07:45;10:25;2h40;;;
NH;464;OKA;HND;NH;773;12:15;14:40;2h25;;;
NH;467;HND;OKA;NH;773;08:40;11:25;2h45;;;
NH;468;OKA;HND;NH;773;14:20;16:45;2h25;;;
NH;469;HND;OKA;NH;773;10:45;13:30;2h45;;;
NH;470;OKA;HND;NH;772;15:00;17:25;2h25;;;
NH;471;HND;OKA;NH;772;11:30;14:15;2h45;;;
NH;472;OKA;HND;NH;773;16:45;19:10;2h25;;;
NH;473;HND;OKA;NH;773;13:15;15:55;2h40;;;
NH;474;OKA;HND;NH;772;18:20;20:40;2h20;;;
NH;475;HND;OKA;NH;772;14:40;17:25;2h45;;;
NH;476;OKA;HND;NH;773;19:20;21:40;2h20;;;
NH;477;HND;OKA;NH;773;15:55;18:30;2h35;;;
NH;478;OKA;HND;NH;738;20:00;22:20;2h20;;;
NH;479;HND;OKA;NH;772;20:00;22:35;2h35;;;
NH;531;HND;TAK;NH;78P;07:25;08:40;1h15;;;
NH;532;TAK;HND;NH;76P;07:35;08:55;1h20;;;
NH;533;HND;TAK;NH;76P;09:25;10:40;1h15;;;
NH;534;TAK;HND;NH;78P;09:25;10:45;1h20;;;
NH;535;HND;TAK;NH;76P;12:05;13:20;1h15;;;
NH;536;TAK;HND;NH;76P;14:05;15:25;1h20;;;
NH;537;HND;TAK;NH;321;17:30;18:45;1h15;;;
NH;538;TAK;HND;NH;76P;17:40;19:00;1h20;;;
NH;539;HND;TAK;NH;76P;19:45;21:05;1h20;;;
NH;540;TAK;HND;NH;321;19:35;20:55;1h20;;;
NH;553;HND;HKD;NH;772;10:20;11:40;1h20;;;
NH;554;HKD;HND;NH;772;12:25;13:50;1h25;;;
NH;555;HND;HKD;NH;76P;12:20;13:40;1h20;;;
NH;556;HKD;HND;NH;76P;14:25;15:50;1h25;;;
NH;557;HND;HKD;NH;738;17:30;18:50;1h20;;;
NH;558;HKD;HND;NH;738;19:35;21:00;1h25;;;
NH;561;HND;KCZ;NH;738;08:10;09:35;1h25;;;
NH;562;KCZ;HND;NH;76P;07:35;08:55;1h20;;;
NH;563;HND;KCZ;NH;32A;11:25;12:50;1h25;;;
NH;564;KCZ;HND;NH;738;10:15;11:35;1h20;;;
NH;565;HND;KCZ;NH;738;13:35;14:55;1h20;;;
NH;566;KCZ;HND;NH;32A;13:30;14:50;1h20;;;
NH;567;HND;KCZ;NH;321;16:15;17:35;1h20;;;
NH;568;KCZ;HND;NH;738;15:35;16:55;1h20;;;
NH;569;HND;KCZ;NH;76P;18:55;20:15;1h20;;;
NH;570;KCZ;HND;NH;321;18:15;19:40;1h25;;;
NH;571;HND;WKJ;NH;32A;10:35;12:25;1h50;;;
NH;572;WKJ;HND;NH;32A;13:00;14:55;1h55;;;
NH;573;HND;WKJ;NH;738;13:05;14:55;1h50;;;
NH;574;WKJ;HND;NH;738;15:30;17:25;1h55;;;
NH;575;HND;IWJ;NH;738;10:45;12:20;1h35;;;
NH;576;IWJ;HND;NH;738;12:55;14:25;1h30;;;
NH;577;UKB;CTS;NH;738;08:20;10:10;1h50;;;
NH;578;CTS;UKB;NH;738;18:35;20:30;1h55;;;
NH;582;MYJ;HND;NH;78P;07:40;09:05;1h25;;;
NH;583;HND;MYJ;NH;76P;07:35;09:05;1h30;;;
NH;584;MYJ;HND;NH;76P;09:50;11:15;1h25;;;
NH;585;HND;MYJ;NH;78P;09:30;11:00;1h30;;;
NH;589;HND;MYJ;NH;76P;12:15;13:45;1h30;;;
NH;590;MYJ;HND;NH;78P;11:50;13:15;1h25;;;
NH;592;MYJ;HND;NH;76P;14:30;15:55;1h25;;;
NH;593;HND;MYJ;NH;772;15:00;16:30;1h30;;;
NH;595;HND;MYJ;NH;772;17:10;18:40;1h30;;;
NH;596;MYJ;HND;NH;772;17:15;18:45;1h30;;;
NH;598;MYJ;HND;NH;772;19:30;21:00;1h30;;;
NH;599;HND;MYJ;NH;78P;19:20;20:50;1h30;;;
NH;601;HND;KMI;NH;32A;07:35;09:20;1h45;;;
NH;602;KMI;HND;NH;76P;08:05;09:40;1h35;;;
NH;603;HND;KMI;NH;32A;09:25;11:10;1h45;;;
NH;604;KMI;HND;NH;32A;10:00;11:35;1h35;;;
NH;608;KMI;HND;NH;32A;11:45;13:20;1h35;;;
NH;609;HND;KMI;NH;76P;13:15;15:00;1h45;;;
NH;610;KMI;HND;NH;76P;15:45;17:20;1h35;;;
NH;613;HND;KMI;NH;32A;17:45;19:30;1h45;;;
NH;617;HND;KMI;NH;76P;18:45;20:25;1h40;;;
NH;618;KMI;HND;NH;32A;20:10;21:45;1h35;;;
NH;619;HND;KOJ;NH;738;06:40;08:25;1h45;;;
NH;620;KOJ;HND;NH;76P;08:05;09:45;1h40;;;
NH;621;HND;KOJ;NH;76P;08:55;10:40;1h45;;;
NH;622;KOJ;HND;NH;738;09:05;10:45;1h40;;;
NH;623;HND;KOJ;NH;76P;12:00;13:50;1h50;;;
NH;624;KOJ;HND;NH;76P;11:30;13:10;1h40;;;
NH;625;HND;KOJ;NH;76P;13:50;15:35;1h45;;;
NH;626;KOJ;HND;NH;76P;14:35;16:15;1h40;;;
NH;627;HND;KOJ;NH;76P;16:40;18:30;1h50;;;
NH;628;KOJ;HND;NH;76P;16:20;18:05;1h45;;;
NH;629;HND;KOJ;NH;76P;18:55;20:40;1h45;;;
NH;630;KOJ;HND;NH;76P;19:30;21:15;1h45;;;
NH;631;HND;IWK;NH;32A;06:55;08:35;1h40;;;
NH;632;IWK;HND;NH;32A;07:35;09:05;1h30;;;
NH;633;HND;IWK;NH;738;08:50;10:30;1h40;;;
NH;634;IWK;HND;NH;32A;09:30;11:00;1h30;;;
NH;635;HND;IWK;NH;32A;12:00;13:40;1h40;;;
NH;636;IWK;HND;NH;32A;14:25;15:55;1h30;;;
NH;637;HND;IWK;NH;738;16:50;18:30;1h40;;;
NH;638;IWK;HND;NH;738;17:40;19:10;1h30;;;
NH;639;HND;IWK;NH;32A;20:05;21:45;1h40;;;
NH;640;IWK;HND;NH;738;19:40;21:15;1h35;;;
NH;641;HND;KMJ;NH;772;08:20;10:05;1h45;;;
NH;642;KMJ;HND;NH;78P;08:40;10:15;1h35;;;
NH;643;HND;KMJ;NH;76P;10:00;11:45;1h45;;;
NH;644;KMJ;HND;NH;321;10:50;12:30;1h40;;;
NH;645;HND;KMJ;NH;76P;14:50;16:35;1h45;;;
NH;646;KMJ;HND;NH;76P;12:30;14:10;1h40;;;
NH;647;HND;KMJ;NH;738;17:55;19:45;1h50;;;
NH;648;KMJ;HND;NH;76P;17:20;19:00;1h40;;;
NH;649;HND;KMJ;NH;78P;18:55;20:45;1h50;;;
NH;650;KMJ;HND;NH;738;20:30;22:15;1h45;;;
NH;651;HND;OKJ;NH;76P;07:20;08:35;1h15;;;
NH;652;OKJ;HND;NH;76P;07:10;08:25;1h15;;;
NH;653;HND;OKJ;NH;76P;10:15;11:30;1h15;;;
NH;654;OKJ;HND;NH;76P;09:30;10:50;1h20;;;
NH;655;HND;OKJ;NH;76P;14:55;16:10;1h15;;;
NH;656;OKJ;HND;NH;76P;12:20;13:40;1h20;;;
NH;657;HND;OKJ;NH;321;18:05;19:20;1h15;;;
NH;658;OKJ;HND;NH;76P;16:55;18:15;1h20;;;
NH;659;HND;OKJ;NH;76P;20:10;21:30;1h20;;;
NH;660;OKJ;HND;NH;321;20:05;21:25;1h20;;;
NH;661;HND;NGS;NH;772;08:15;10:10;1h55;;;
NH;662;NGS;HND;NH;78P;08:35;10:15;1h40;;;
NH;663;HND;NGS;NH;772;11:10;13:05;1h55;;;
NH;664;NGS;HND;NH;772;11:05;12:45;1h40;;;
NH;666;NGS;HND;NH;772;14:00;15:40;1h40;;;
NH;667;HND;NGS;NH;789;16:25;18:20;1h55;;;
NH;669;HND;NGS;NH;78P;19:15;21:10;1h55;;;
NH;670;NGS;HND;NH;789;19:15;21:00;1h45;;;
NH;671;HND;HIJ;NH;321;07:00;08:20;1h20;;;
NH;672;HIJ;HND;NH;772;07:35;09:00;1h25;;;
NH;673;HND;HIJ;NH;772;08:15;09:40;1h25;;;
NH;674;HIJ;HND;NH;321;08:55;10:15;1h20;;;
NH;675;HND;HIJ;NH;76P;09:35;11:00;1h25;;;
NH;676;HIJ;HND;NH;772;10:30;11:55;1h25;;;
NH;677;HND;HIJ;NH;76P;10:45;12:10;1h25;;;
NH;678;HIJ;HND;NH;76P;13:00;14:25;1h25;;;
NH;679;HND;HIJ;NH;321;13:15;14:35;1h20;;;
NH;680;HIJ;HND;NH;738;15:15;16:40;1h25;;;
NH;681;HND;HIJ;NH;78P;14:55;16:15;1h20;;;
NH;682;HIJ;HND;NH;78P;17:00;18:25;1h25;;;
NH;683;HND;HIJ;NH;78P;17:05;18:25;1h20;;;
NH;684;HIJ;HND;NH;76P;18:00;19:25;1h25;;;
NH;685;HND;HIJ;NH;321;18:25;19:50;1h25;;;
NH;686;HIJ;HND;NH;78P;19:15;20:40;1h25;;;
NH;687;HND;HIJ;NH;772;19:30;20:55;1h25;;;
NH;688;HIJ;HND;NH;321;20:35;22:00;1h25;;;
NH;692;UBJ;HND;NH;76P;07:40;09:15;1h35;;;
NH;693;HND;UBJ;NH;76P;10:30;12:10;1h40;;;
NH;696;UBJ;HND;NH;76P;12:55;14:30;1h35;;;
NH;697;HND;UBJ;NH;76P;15:15;16:55;1h40;;;
NH;699;HND;UBJ;NH;76P;19:10;20:50;1h40;;;
NH;700;UBJ;HND;NH;76P;17:40;19:15;1h35;;;
NH;741;HND;KUH;NH;738;11:25;13:00;1h35;;;
NH;742;KUH;HND;NH;738;13:40;15:25;1h45;;;
NH;747;HND;NTQ;NH;32A;08:55;09:50;0h55;;;
NH;748;NTQ;HND;NH;32A;10:55;12:00;1h05;;;
NH;749;HND;NTQ;NH;32A;14:55;15:50;0h55;;;
NH;750;NTQ;HND;NH;32A;16:45;17:50;1h05;;;
NH;751;HND;KMQ;NH;76P;08:35;09:35;1h00;;;
NH;752;KMQ;HND;NH;738;07:45;08:55;1h10;;;
NH;753;HND;KMQ;NH;738;10:30;11:30;1h00;;;
NH;754;KMQ;HND;NH;76P;10:15;11:30;1h15;;;
NH;755;HND;KMQ;NH;76P;16:40;17:40;1h00;;;
NH;756;KMQ;HND;NH;738;16:45;17:55;1h10;;;
NH;758;KMQ;HND;NH;76P;18:35;19:50;1h15;;;
NH;759;HND;KMQ;NH;738;19:50;20:50;1h00;;;
NH;771;ITM;CTS;NH;78P;08:40;10:25;1h45;;;
NH;772;CTS;ITM;NH;321;08:30;10:25;1h55;;;
NH;773;ITM;CTS;NH;738;10:55;12:40;1h45;;;
NH;774;CTS;ITM;NH;738;11:00;12:55;1h55;;;
NH;775;ITM;CTS;NH;738;13:40;15:30;1h50;;;
NH;776;CTS;ITM;NH;738;13:05;15:00;1h55;;;
NH;777;ITM;CTS;NH;738;15:35;17:20;1h45;;;
NH;778;CTS;ITM;NH;738;17:10;19:05;1h55;;;
NH;779;ITM;CTS;NH;738;18:55;20:40;1h45;;;
NH;780;CTS;ITM;NH;78P;18:00;19:55;1h55;;;
NH;787;HND;ONJ;NH;738;08:55;10:05;1h10;;;
NH;788;ONJ;HND;NH;738;10:45;12:00;1h15;;;
NH;789;HND;ONJ;NH;738;16:15;17:25;1h10;;;
NH;790;ONJ;HND;NH;738;18:05;19:20;1h15;;;
NH;791;HND;OIT;NH;738;08:30;10:05;1h35;;;
NH;792;OIT;HND;NH;321;07:40;09:10;1h30;;;
NH;793;HND;OIT;NH;32A;10:05;11:45;1h40;;;
NH;794;OIT;HND;NH;738;10:45;12:15;1h30;;;
NH;796;OIT;HND;NH;32A;12:20;14:00;1h40;;;
NH;797;HND;OIT;NH;738;16:00;17:40;1h40;;;
NH;799;HND;OIT;NH;321;19:10;20:50;1h40;;;
NH;800;OIT;HND;NH;738;18:25;20:00;1h35;;;
NH;801;NRT;SIN;NH;77W;18:05;00:15;7h10;;;
NH;802;SIN;NRT;NH;77W;06:00;14:10;7h10;;;
NH;803;NRT;SIN;NH;788i;17:00;23:15;7h15;;;
NH;804;SIN;NRT;NH;788i;00:35;08:45;7h10;;;
NH;805;NRT;BKK;NH;788;18:25;23:10;6h45;;;
NH;806;BKK;NRT;NH;788;06:50;15:00;6h10;;;
NH;807;NRT;BKK;NH;789i;16:55;21:35;6h40;;;
NH;808;BKK;NRT;NH;789i;00:30;08:40;6h10;;;
NH;813;NRT;RGN;NH;763i;13:50;18:30;7h10;;;
NH;814;RGN;NRT;NH;763i;21:45;06:50;6h35;;;
NH;815;NRT;KUL;NH;788;17:20;23:35;7h15;;;
NH;816;KUL;NRT;NH;788;07:05;15:05;7h00;;;
NH;817;NRT;PNH;NH;788;10:50;15:10;6h20;;;
NH;818;PNH;NRT;NH;788;22:50;06:45;5h55;;;
NH;819;NRT;MNL;NH;788;17:20;20:55;4h35;;;
NH;820;MNL;NRT;NH;788;09:30;15:00;4h30;;;
NH;823;NRT;TPE;NH;763i;17:40;20:15;3h35;;;
NH;824;TPE;NRT;NH;763i;08:45;13:00;3h15;;;
NH;827;NRT;DEL;NH;789i;17:35;23:50;9h45;;;
NH;828;DEL;NRT;NH;789i;01:15;12:40;7h55;;;
NH;829;NRT;BOM;NH;789ii;11:20;17:45;9h55;;;
NH;830;BOM;NRT;NH;789ii;20:20;07:50;8h00;;;
NH;831;NRT;SGN;NH;763i;16:40;21:05;6h25;;;
NH;832;SGN;NRT;NH;763i;22:25;06:25;6h00;;;
NH;833;NRT;SGN;NH;763i;18:55;23:25;6h30;;;
NH;834;SGN;NRT;NH;763i;07:00;15:00;6h00;;;
NH;835;NRT;CGK;NH;788;18:05;23:55;7h50;;;
NH;836;CGK;NRT;NH;788;06:15;15:50;7h35;;;
NH;841;HND;SIN;NH;789ii;11:05;17:25;7h20;;;
NH;842;SIN;HND;NH;789ii;11:00;19:10;7h10;;;
NH;843;HND;SIN;NH;789ii;00:20;06:30;7h10;;;
NH;844;SIN;HND;NH;789ii;22:15;06:30;7h15;;;
NH;847;HND;BKK;NH;789ii;11:05;15:40;6h35;;;
NH;848;BKK;HND;NH;789ii;09:35;17:55;6h20;;;
NH;849;HND;BKK;NH;789ii;00:30;05:00;6h30;;;
NH;850;BKK;HND;NH;789ii;22:05;06:15;6h10;;;
NH;851;HND;TSA;NH;78P;10:05;12:30;3h25;;;
NH;852;TSA;HND;NH;78P;13:30;17:45;3h15;;;
NH;853;HND;TSA;NH;78P;13:20;15:45;3h25;;;
NH;854;TSA;HND;NH;78P;16:45;20:50;3h05;;;
NH;855;HND;CGK;NH;789ii;10:15;15:55;7h40;;;
NH;856;CGK;HND;NH;789ii;21:25;06:50;7h25;;;
NH;857;HND;HAN;NH;789;08:55;12:45;5h30;;;
NH;858;HAN;HND;NH;789;15:05;22:15;5h10;;;
NH;861;HND;GMP;NH;78P;08:40;11:05;2h25;;;
NH;862;GMP;HND;NH;78P;07:45;09:55;2h10;;;
NH;864;GMP;HND;NH;78P;12:55;15:00;2h05;;;
NH;865;HND;GMP;NH;78P;16:10;18:35;2h25;;;
NH;867;HND;GMP;NH;78P;20:00;22:20;2h20;;;
NH;868;GMP;HND;NH;78P;20:15;22:30;2h15;;;
NH;869;HND;MNL;NH;78P;09:45;13:30;4h45;;;
NH;870;MNL;HND;NH;78P;14:40;20:00;4h20;;;
NH;879;HND;SYD;NH;789ii;22:10;08:30;9h20;;;
NH;880;SYD;HND;NH;789ii;20:55;05:25;9h30;;;
NH;885;HND;KUL;NH;78P;23:30;06:00;7h30;;;
NH;886;KUL;HND;NH;78P;14:15;22:15;7h00;;;
NH;981;HND;HSG;NH;321;09:55;11:50;1h55;;;
NH;982;HSG;HND;NH;321;12:30;14:10;1h40;;;
NH;983;ITM;CTS;NH;738;17:35;19:20;1h45;;;
NH;984;CTS;ITM;NH;738;14:55;16:50;1h55;;;
NH;985;HND;ITM;NH;78P;06:15;07:20;1h05;;;
NH;986;ITM;HND;NH;772;07:05;08:15;1h10;;;
NH;987;HND;CTS;NH;321;06:25;07:55;1h30;;;
NH;988;CTS;HND;NH;738;21:50;23:30;1h40;;;
NH;990;KIX;HND;NH;321;15:15;16:25;1h10;;;
NH;991;HND;KIX;NH;321;13:20;14:40;1h20;;;
NH;993;HND;OKA;NH;76P;06:40;09:20;2h40;;;
NH;994;OKA;HND;NH;76P;10:10;12:30;2h20;;;
NH;995;HND;OKA;NH;772;09:10;11:55;2h45;;;
NH;996;OKA;HND;NH;772;12:55;15:20;2h25;;;
NH;997;HND;TAK;NH;32A;14:15;15:30;1h15;;;
NH;998;TAK;HND;NH;32A;16:10;17:30;1h20;;;
NH;1087;HND;YGJ;NH;738;12:20;13:40;1h20;;;
NH;1088;YGJ;HND;NH;738;14:20;15:45;1h25;;;
NH;1097;HND;OKA;NH;738;17:15;19:55;2h40;;;
NH;1098;OKA;HND;NH;738;20:00;22:20;2h20;;;
NH;1101;HND;TTJ;NH;32A;13:05;14:20;1h15;;;
NH;1102;TTJ;HND;NH;32A;14:55;16:10;1h15;;;
NH;1103;HND;IWJ;NH;32A;15:30;17:05;1h35;;;
NH;1104;IWJ;HND;NH;32A;17:40;19:15;1h35;;;
NH;1671;ITM;FUK;NH;Q4A;07:05;08:20;1h15;;;
NH;1672;FUK;ITM;NH;Q4A;07:05;08:15;1h10;;;
NH;1702;FUK;KIX;NH;73P;07:50;08:50;1h00;;;
NH;1709;KIX;FUK;NH;73P;19:25;20:40;1h15;;;
NH;1710;CTS;KIX;NH;738;07:45;10:00;2h15;;;
NH;1711;KIX;CTS;NH;738;08:00;09:50;1h50;;;
NH;1713;KIX;CTS;NH;738;10:40;12:30;1h50;;;
NH;1716;CTS;KIX;NH;738;17:25;19:40;2h15;;;
NH;1717;KIX;CTS;NH;738;15:00;16:50;1h50;;;
NH;1718;CTS;KIX;NH;738;19:00;21:10;2h10;;;
NH;1719;KIX;CTS;NH;738;20:15;22:05;1h50;;;
NH;1720;CTS;KIX;NH;738;20:20;22:30;2h10;;;
NH;1891;HND;HAC;NH;32A;07:30;08:25;0h55;;;
NH;1892;HAC;HND;NH;32A;09:00;09:55;0h55;;;
NH;1893;HND;HAC;NH;32A;12:15;13:10;0h55;;;
NH;1894;HAC;HND;NH;32A;14:00;14:55;0h55;;;
NH;1895;HND;HAC;NH;32A;15:50;16:40;0h50;;;
NH;1896;HAC;HND;NH;32A;17:10;18:10;1h00;;;
NH;2141;NRT;FUK;NH;735;10:10;12:20;2h10;;;
NH;2142;FUK;NRT;NH;735;07:15;09:00;1h45;;;
NH;2144;FUK;NRT;NH;735;12:55;14:45;1h50;;;
NH;2145;NRT;FUK;NH;735;17:55;20:05;2h10;;;
NH;2152;CTS;NRT;NH;738;07:50;09:25;1h35;;;
NH;2153;NRT;CTS;NH;738;10:10;11:55;1h45;;;
NH;2154;CTS;NRT;NH;738;13:30;15:15;1h45;;;
NH;2155;NRT;CTS;NH;738;17:55;19:45;1h50;;;
NH;2158;OKA;NRT;NH;76P;12:20;15:00;2h40;;;
NH;2159;NRT;OKA;NH;76P;18:30;21:30;3h00;;;
NH;2176;ITM;NRT;NH;773;07:50;09:10;1h20;;;
NH;2177;NRT;ITM;NH;738;17:00;18:20;1h20;;;
NH;2178;ITM;NRT;NH;738;14:10;15:30;1h20;;;
NH;2179;NRT;ITM;NH;773;18:05;19:25;1h20;;;
NH;3231;NRT;SDJ;NH;735;10:00;11:05;1h05;;;
NH;3232;SDJ;NRT;NH;735;08:05;09:00;0h55;;;
NH;3234;SDJ;NRT;NH;735;14:55;15:55;1h00;;;
NH;3235;NRT;SDJ;NH;735;18:35;19:45;1h10;;;
NH;3239;NRT;KIJ;NH;Q4A;17:40;18:45;1h05;;;
NH;3240;KIJ;NRT;NH;Q4A;14:30;15:35;1h05;;;
NH;3111;NRT;HIJ;;;;;;;FW;11
NH;3114;HIJ;NRT;;;;;;;FW;14
NH;3118;KMQ;NRT;;;;;;;FW;18
NH;3119;NRT;KMQ;;;;;;;FW;19
NH;3155;ITM;FUK;;;;;;;FW;55
NH;3156;FUK;ITM;;;;;;;FW;56
NH;3711;HND;KMJ;;;;;;;6J;11
NH;3712;KMJ;HND;;;;;;;6J;12
NH;3713;HND;KMJ;;;;;;;6J;13
NH;3714;KMJ;HND;;;;;;;6J;14
NH;3715;HND;KMJ;;;;;;;6J;15
NH;3716;KMJ;HND;;;;;;;6J;16
NH;3717;HND;KMJ;;;;;;;6J;17
NH;3718;KMJ;HND;;;;;;;6J;18
NH;3721;HND;KMJ;;;;;;;6J;21
NH;3722;KMJ;HND;;;;;;;6J;22
NH;3731;HND;NGS;;;;;;;6J;31
NH;3733;HND;NGS;;;;;;;6J;33
NH;3734;NGS;HND;;;;;;;6J;34
NH;3735;HND;NGS;;;;;;;6J;35
NH;3738;NGS;HND;;;;;;;6J;38
NH;3739;HND;NGS;;;;;;;6J;39
NH;3740;NGS;HND;;;;;;;6J;40
NH;3742;NGS;HND;;;;;;;6J;42
NH;3751;HND;KMI;;;;;;;6J;51
NH;3752;KMI;HND;;;;;;;6J;52
NH;3753;HND;KMI;;;;;;;6J;53
NH;3754;KMI;HND;;;;;;;6J;54
NH;3755;HND;KMI;;;;;;;6J;55
NH;3756;KMI;HND;;;;;;;6J;56
NH;3757;HND;KMI;;;;;;;6J;57
NH;3758;KMI;HND;;;;;;;6J;58
NH;3759;HND;KMI;;;;;;;6J;59
NH;3760;KMI;HND;;;;;;;6J;60
NH;3761;HND;KMI;;;;;;;6J;61
NH;3762;KMI;HND;;;;;;;6J;62
NH;3763;HND;KMI;;;;;;;6J;63
NH;3764;KMI;HND;;;;;;;6J;64
NH;3771;HND;KOJ;;;;;;;6J;71
NH;3772;KOJ;HND;;;;;;;6J;72
NH;3773;HND;KOJ;;;;;;;6J;73
NH;3774;KOJ;HND;;;;;;;6J;74
NH;3775;HND;KOJ;;;;;;;6J;75
NH;3776;KOJ;HND;;;;;;;6J;76
NH;3777;HND;KOJ;;;;;;;6J;77
NH;3778;KOJ;HND;;;;;;;6J;78
NH;3779;HND;KOJ;;;;;;;6J;79
NH;3782;KOJ;HND;;;;;;;6J;82
NH;3788;OIT;HND;;;;;;;6J;88
NH;3789;HND;OIT;;;;;;;6J;89
NH;3790;OIT;HND;;;;;;;6J;90
NH;3791;HND;OIT;;;;;;;6J;91
NH;3792;OIT;HND;;;;;;;6J;92
NH;3793;HND;OIT;;;;;;;6J;93
NH;3794;OIT;HND;;;;;;;6J;94
NH;3795;HND;OIT;;;;;;;6J;95
NH;3811;HND;UBJ;;;;;;;7G;11
NH;3812;UBJ;HND;;;;;;;7G;12
NH;3813;HND;UBJ;;;;;;;7G;13
NH;3814;UBJ;HND;;;;;;;7G;14
NH;3815;HND;UBJ;;;;;;;7G;15
NH;3816;UBJ;HND;;;;;;;7G;16
NH;3820;KIX;HND;;;;;;;7G;20
NH;3821;HND;KIX;;;;;;;7G;21
NH;3822;KIX;HND;;;;;;;7G;22
NH;3823;HND;KIX;;;;;;;7G;23
NH;3824;KIX;HND;;;;;;;7G;24
NH;3825;HND;KIX;;;;;;;7G;25
NH;3826;KIX;HND;;;;;;;7G;26
NH;3827;HND;KIX;;;;;;;7G;27
NH;3828;KIX;HND;;;;;;;7G;28
NH;3829;HND;KIX;;;;;;;7G;29
NH;3840;FUK;HND;;;;;;;7G;40
NH;3841;HND;FUK;;;;;;;7G;41
NH;3842;FUK;HND;;;;;;;7G;42
NH;3843;HND;FUK;;;;;;;7G;43
NH;3844;FUK;HND;;;;;;;7G;44
NH;3845;HND;FUK;;;;;;;7G;45
NH;3846;FUK;HND;;;;;;;7G;46
NH;3847;HND;FUK;;;;;;;7G;47
NH;3848;FUK;HND;;;;;;;7G;48
NH;3849;HND;FUK;;;;;;;7G;49
NH;3850;FUK;HND;;;;;;;7G;50
NH;3851;HND;FUK;;;;;;;7G;51
NH;3852;FUK;HND;;;;;;;7G;52
NH;3853;HND;FUK;;;;;;;7G;53
NH;3854;FUK;HND;;;;;;;7G;54
NH;3855;HND;FUK;;;;;;;7G;55
NH;3872;KKJ;HND;;;;;;;7G;72
NH;3873;HND;KKJ;;;;;;;7G;73
NH;3874;KKJ;HND;;;;;;;7G;74
NH;3875;HND;KKJ;;;;;;;7G;75
NH;3876;KKJ;HND;;;;;;;7G;76
NH;3877;HND;KKJ;;;;;;;7G;77
NH;3878;KKJ;HND;;;;;;;7G;78
NH;3880;KKJ;HND;;;;;;;7G;80
NH;3881;HND;KKJ;;;;;;;7G;81
NH;3882;KKJ;HND;;;;;;;7G;82
NH;3883;HND;KKJ;;;;;;;7G;83
NH;3885;HND;KKJ;;;;;;;7G;85
NH;3886;KKJ;HND;;;;;;;7G;86
NH;3887;HND;KKJ;;;;;;;7G;87
NH;3888;KKJ;HND;;;;;;;7G;88
NH;3889;HND;KKJ;;;;;;;7G;89
NH;3890;KKJ;HND;;;;;;;7G;90
NH;3891;HND;KKJ;;;;;;;7G;91
NH;3892;KKJ;HND;;;;;;;7G;92
NH;3893;HND;KKJ;;;;;;;7G;93
NH;4711;HND;CTS;;;;;;;HD;11
NH;4712;CTS;HND;;;;;;;HD;12
NH;4714;CTS;HND;;;;;;;HD;14
NH;4715;HND;CTS;;;;;;;HD;15
NH;4716;CTS;HND;;;;;;;HD;16
NH;4718;CTS;HND;;;;;;;HD;18
NH;4719;HND;CTS;;;;;;;HD;19
NH;4720;CTS;HND;;;;;;;HD;20
NH;4721;HND;CTS;;;;;;;HD;21
NH;4723;HND;CTS;;;;;;;HD;23
NH;4724;CTS;HND;;;;;;;HD;24
NH;4725;HND;CTS;;;;;;;HD;25
NH;4726;CTS;HND;;;;;;;HD;26
NH;4728;CTS;HND;;;;;;;HD;28
NH;4729;HND;CTS;;;;;;;HD;29
NH;4731;HND;CTS;;;;;;;HD;31
NH;4732;CTS;HND;;;;;;;HD;32
NH;4735;HND;CTS;;;;;;;HD;35
NH;4736;CTS;HND;;;;;;;HD;36
NH;4737;HND;CTS;;;;;;;HD;37
NH;4738;CTS;HND;;;;;;;HD;38
NH;4739;HND;CTS;;;;;;;HD;39
NH;4743;HND;CTS;;;;;;;HD;43
NH;4744;CTS;HND;;;;;;;HD;44
NH;4757;HND;HKD;;;;;;;HD;57
NH;4758;HKD;HND;;;;;;;HD;58
NH;4759;HND;HKD;;;;;;;HD;59
NH;4760;HKD;HND;;;;;;;HD;60
NH;4761;HND;OBO;;;;;;;HD;61
NH;4762;OBO;HND;;;;;;;HD;62
NH;4765;HND;OBO;;;;;;;HD;65
NH;4766;OBO;HND;;;;;;;HD;66
NH;4767;HND;OBO;;;;;;;HD;67
NH;4768;OBO;HND;;;;;;;HD;68
NH;4771;HND;KUH;;;;;;;HD;71
NH;4772;KUH;HND;;;;;;;HD;72
NH;4773;HND;KUH;;;;;;;HD;73
NH;4774;KUH;HND;;;;;;;HD;74
NH;4775;HND;MMB;;;;;;;HD;75
NH;4776;MMB;HND;;;;;;;HD;76
NH;4777;HND;MMB;;;;;;;HD;77
NH;4778;MMB;HND;;;;;;;HD;78
NH;4779;HND;MMB;;;;;;;HD;79
NH;4780;MMB;HND;;;;;;;HD;80
NH;4781;HND;AKJ;;;;;;;HD;81
NH;4782;AKJ;HND;;;;;;;HD;82
NH;4783;HND;AKJ;;;;;;;HD;83
NH;4784;AKJ;HND;;;;;;;HD;84
NH;4787;HND;AKJ;;;;;;;HD;87
NH;4788;AKJ;HND;;;;;;;HD;88
NH;4818;CTS;UKB;;;;;;;HD;118
NH;4819;UKB;CTS;;;;;;;HD;119
NH;4820;CTS;UKB;;;;;;;HD;120
NH;4821;UKB;CTS;;;;;;;HD;121
